SEASON_1,TEAM_ID,TEAM_NAME,FGA,FGM,FG3M,Points,PPS,eFG
2025,1610612744,Golden State Warriors,7412,3342,1264,7948,1.0723151645979492,0.53615758229897459
2025,1610612742,Dallas Mavericks,7194,3443,1020,7906,1.0989713650264108,0.5494856825132054
2016,1610612753,Orlando Magic,7117,3242,636,7120,1.0004215259238443,0.50021076296192213
2012,1610612741,Chicago Bulls,5461,2467,419,5353,0.98022340230726968,0.49011170115363484
2021,1610612765,Detroit Pistons,6162,2783,832,6398,1.0382992534891269,0.51914962674456344
2025,1610612743,Denver Nuggets,7360,3724,984,8432,1.1456521739130434,0.57282608695652171
2016,1610612738,Boston Celtics,7316,3216,717,7149,0.97717331875341717,0.48858665937670859
2007,1610612763,Memphis Grizzlies,6448,2998,500,6496,1.0074441687344913,0.50372208436724564
2015,1610612738,Boston Celtics,7209,3193,660,7046,0.97738937439311968,0.48869468719655984
2024,1610612740,New Orleans Pelicans,7165,3484,1023,7991,1.1152826238660154,0.5576413119330077
2014,1610612749,Milwaukee Bucks,6735,2952,548,6452,0.95798069784706752,0.47899034892353376
2007,1610612748,Miami Heat,6288,2919,528,6366,1.0124045801526718,0.50620229007633588
2007,1610612760,Seattle SuperSonics,6628,3047,525,6619,0.99864212432106214,0.49932106216053107
2012,1610612762,Utah Jazz,5531,2523,273,5319,0.96167058398119687,0.48083529199059843
2019,1610612745,Houston Rockets,7163,3218,1323,7759,1.0832053608823118,0.54160268044115589
2018,1610612753,Orlando Magic,7042,3182,844,7208,1.0235728486225504,0.51178642431127519
2018,1610612761,Toronto Raptors,7169,3383,968,7734,1.0788115497279955,0.53940577486399777
2021,1610612738,Boston Celtics,6401,2985,979,6949,1.0856116231838775,0.54280581159193875
2020,1610612758,Sacramento Kings,6364,2943,914,6800,1.0685103708359522,0.53425518541797612
2008,1610612740,New Orleans Hornets,6796,3164,630,6958,1.0238375515008828,0.51191877575044142
2008,1610612738,Boston Celtics,6286,2986,596,6568,1.0448615972001272,0.52243079860006358
2007,1610612743,Denver Nuggets,6805,3164,484,6812,1.0010286554004408,0.50051432770022042
2024,1610612741,Chicago Bulls,7339,3448,941,7837,1.0678566562201934,0.53392832811009672
2022,1610612748,Miami Heat,6954,3246,1114,7606,1.0937589876330169,0.54687949381650847
2011,1610612737,Atlanta Hawks,6428,2971,502,6444,1.0024891101431239,0.50124455507156196
2015,1610612747,Los Angeles Lakers,7020,3054,532,6640,0.94586894586894588,0.47293447293447294
2017,1610612757,Portland Trail Blazers,7057,3241,850,7332,1.0389684001700439,0.51948420008502194
2014,1610612750,Minnesota Timberwolves,7173,3188,599,6975,0.97239648682559598,0.48619824341279799
2014,1610612748,Miami Heat,6272,3142,665,6949,1.1079400510204083,0.55397002551020413
2024,1610612737,Atlanta Hawks,7584,3529,1125,8183,1.0789820675105486,0.5394910337552743
2018,1610612745,Houston Rockets,6906,3174,1256,7604,1.1010715320011584,0.55053576600057919
2012,1610612756,Phoenix Suns,5445,2495,444,5434,0.99797979797979797,0.49898989898989898
2016,1610612758,Sacramento Kings,7082,3283,660,7226,1.0203332391979667,0.51016661959898335
2016,1610612755,Philadelphia 76ers,6885,2970,764,6704,0.97371096586782857,0.48685548293391429
2012,1610612763,Memphis Grizzlies,5422,2425,277,5127,0.94559203246034673,0.47279601623017337
2017,1610612740,New Orleans Pelicans,7125,3208,766,7182,1.008,0.504
2012,1610612744,Golden State Warriors,5443,2489,524,5502,1.0108396105089106,0.50541980525445529
2016,1610612745,Houston Rockets,6841,3093,877,7063,1.0324513959947377,0.51622569799736884
2019,1610612758,Sacramento Kings,7637,3541,927,8009,1.0487102265287416,0.52435511326437079
2011,1610612749,Milwaukee Bucks,6543,2814,483,6111,0.93397524071526827,0.46698762035763414
2011,1610612761,Toronto Raptors,6755,3144,345,6633,0.98193930421909692,0.49096965210954846
2014,1610612739,Cleveland Cavaliers,6954,3036,584,6656,0.95714696577509351,0.47857348288754675
2010,1610612764,Washington Wizards,6700,3008,432,6448,0.96238805970149255,0.48119402985074627
2024,1610612754,Indiana Pacers,7599,3855,1082,8792,1.1569943413607053,0.57849717068035267
2025,1610612739,Cleveland Cavaliers,7444,3652,1303,8607,1.1562332079527136,0.57811660397635678
2020,1610612757,Portland Trail Blazers,6749,3122,952,7196,1.066232034375463,0.53311601718773149
2009,1610612765,Detroit Pistons,6559,2981,377,6339,0.96645830157036139,0.48322915078518069
2024,1610612748,Miami Heat,7022,3266,1022,7554,1.0757618911990885,0.53788094559954425
2019,1610612749,Milwaukee Bucks,7471,3555,1105,8215,1.099585062240664,0.549792531120332
2004,1610612761,Toronto Raptors,6348,2654,461,5769,0.9087901701323251,0.45439508506616255
2012,1610612749,Milwaukee Bucks,5645,2496,430,5422,0.9604960141718335,0.48024800708591675
2019,1610612761,Toronto Raptors,7305,3460,1015,7935,1.0862422997946612,0.54312114989733062
2023,1610612740,New Orleans Pelicans,7180,3447,899,7793,1.0853760445682452,0.54268802228412261
2008,1610612757,Portland Trail Blazers,6546,2935,538,6408,0.97891842346471125,0.48945921173235563
2010,1610612744,Golden State Warriors,7094,3329,633,7291,1.0277699464336059,0.51388497321680293
2025,1610612748,Miami Heat,7138,3318,1124,7760,1.0871392546931913,0.54356962734659564
2020,1610612738,Boston Celtics,6448,2971,905,6847,1.061879652605459,0.53093982630272951
2024,1610612765,Detroit Pistons,7236,3353,906,7612,1.0519624101713654,0.52598120508568269
2007,1610612754,Indiana Pacers,6561,2872,481,6225,0.94878829446730684,0.47439414723365342
2010,1610612737,Atlanta Hawks,6799,3181,524,6886,1.0127959994116782,0.5063979997058391
2024,1610612738,Boston Celtics,7396,3601,1351,8553,1.1564359113034073,0.57821795565170364
2018,1610612762,Utah Jazz,6797,3139,887,7165,1.0541415330292776,0.5270707665146388
2018,1610612755,Philadelphia 76ers,7098,3349,901,7599,1.0705832628909553,0.53529163144547764
2005,1610612753,Orlando Magic,6679,3034,320,6388,0.95643060338374009,0.47821530169187004
2012,1610612742,Dallas Mavericks,5412,2398,497,5293,0.9780118255728012,0.4890059127864006
2011,1610612756,Phoenix Suns,6844,3219,701,7139,1.0431034482758621,0.52155172413793105
2012,1610612743,Denver Nuggets,5403,2572,435,5579,1.0325744956505645,0.51628724782528224
2024,1610612757,Portland Trail Blazers,7356,3227,939,7393,1.0050299075584557,0.50251495377922784
2016,1610612737,Atlanta Hawks,6920,3166,813,7145,1.0325144508670521,0.51625722543352603
2005,1610612765,Detroit Pistons,6421,2851,363,6065,0.94455692259772617,0.47227846129886308
2008,1610612744,Golden State Warriors,7406,3403,761,7567,1.0217391304347827,0.51086956521739135
2014,1610612745,Houston Rockets,6599,3114,775,7003,1.0612213971813911,0.53061069859069554
2020,1610612762,Utah Jazz,6130,2886,963,6735,1.098694942903752,0.54934747145187601
2005,1610612742,Dallas Mavericks,6691,3058,463,6579,0.98326109699596476,0.49163054849798238
2011,1610612739,Cleveland Cavaliers,6647,2886,509,6281,0.94493756581916655,0.47246878290958327
2014,1610612763,Memphis Grizzlies,6723,3122,405,6649,0.98899300907333032,0.49449650453666516
2010,1610612763,Memphis Grizzlies,6875,3223,344,6790,0.98763636363636365,0.49381818181818182
2020,1610612756,Phoenix Suns,6429,3006,831,6843,1.0643957069528698,0.53219785347643489
2011,1610612766,Charlotte Bobcats,6364,2873,393,6139,0.96464487743557514,0.48232243871778757
2024,1610612749,Milwaukee Bucks,7258,3538,1163,8239,1.1351612014329016,0.56758060071645078
2008,1610612742,Dallas Mavericks,6515,3025,494,6544,1.0044512663085188,0.50222563315425939
2020,1610612741,Chicago Bulls,5762,2573,793,5939,1.0307185005206525,0.51535925026032625
2018,1610612764,Washington Wizards,7018,3275,814,7364,1.0493017953833002,0.52465089769165008
2013,1610612745,Houston Rockets,6781,3124,867,7115,1.0492552720837633,0.52462763604188167
2007,1610612747,Los Angeles Lakers,6664,3103,608,6814,1.0225090036014406,0.5112545018007203
2023,1610612757,Portland Trail Blazers,7001,3317,1056,7690,1.098414512212541,0.54920725610627052
2009,1610612747,Los Angeles Lakers,6978,3305,545,7155,1.0253654342218401,0.51268271711092006
2021,1610612758,Sacramento Kings,6382,3067,874,7008,1.0980883735506111,0.54904418677530553
2009,1610612760,Oklahoma City Thunder,6715,2999,328,6326,0.9420699925539836,0.4710349962769918
2009,1610612740,New Orleans Hornets,6364,2910,555,6375,1.0017284726587052,0.50086423632935262
2013,1610612752,New York Knicks,6689,2996,891,6883,1.0290028404843774,0.5145014202421887
2008,1610612761,Toronto Raptors,6726,3148,572,6868,1.0211121022896223,0.51055605114481117
2006,1610612757,Portland Trail Blazers,6267,2791,364,5946,0.94877932024892297,0.47438966012446149
2008,1610612749,Milwaukee Bucks,6745,3026,452,6504,0.96426982950333584,0.48213491475166792
2021,1610612764,Washington Wizards,6547,3108,733,6949,1.0614021689323354,0.53070108446616771
2017,1610612745,Houston Rockets,7145,3302,1178,7782,1.0891532540237929,0.54457662701189646
2011,1610612747,Los Angeles Lakers,6755,3126,522,6774,1.0028127313101407,0.50140636565507035
2023,1610612756,Phoenix Suns,7388,3453,1001,7907,1.0702490525175961,0.53512452625879803
2006,1610612760,Seattle SuperSonics,6711,3077,605,6759,1.0071524362986142,0.50357621814930709
2015,1610612759,San Antonio Spurs,6852,3208,677,7093,1.035172212492703,0.51758610624635149
2012,1610612751,New Jersey Nets,5320,2262,507,5031,0.94567669172932334,0.47283834586466167
2018,1610612760,Oklahoma City Thunder,7221,3271,881,7423,1.0279739648248165,0.51398698241240826
2024,1610612753,Orlando Magic,6964,3318,903,7539,1.0825674899483055,0.54128374497415277
2009,1610612758,Sacramento Kings,6684,2990,586,6566,0.98234590065828842,0.49117295032914421
2022,1610612742,Dallas Mavericks,6982,3222,1073,7517,1.0766256087081065,0.53831280435405326
2020,1610612745,Houston Rockets,6512,2936,1126,6998,1.0746314496314497,0.53731572481572487
2005,1610612755,Philadelphia 76ers,6736,2946,505,6397,0.94967339667458428,0.47483669833729214
2009,1610612738,Boston Celtics,6333,3075,538,6688,1.0560555818727302,0.52802779093636509
2008,1610612753,Orlando Magic,6446,3058,801,6917,1.0730685696556004,0.53653428482780019
2006,1610612754,Indiana Pacers,6274,2786,536,6108,0.97354160025502068,0.48677080012751034
2010,1610612751,New Jersey Nets,6554,2813,377,6003,0.91592920353982299,0.45796460176991149
2013,1610612742,Dallas Mavericks,6892,3182,606,6970,1.0113174695298897,0.50565873476494483
2008,1610612760,Seattle SuperSonics,7032,3125,313,6563,0.93330489192263932,0.46665244596131966
2015,1610612737,Atlanta Hawks,6699,3121,818,7060,1.0538886400955367,0.52694432004776837
2023,1610612765,Detroit Pistons,7140,3244,934,7422,1.0394957983193278,0.51974789915966391
2008,1610612754,Indiana Pacers,6993,3102,755,6959,0.99513799513799517,0.49756899756899758
2021,1610612747,Los Angeles Lakers,6197,2925,796,6646,1.0724544134258511,0.53622720671292556
2019,1610612763,Memphis Grizzlies,6924,3113,811,7037,1.01632004621606,0.50816002310802999
2011,1610612764,Washington Wizards,6888,3048,392,6488,0.94192799070847855,0.47096399535423927
2006,1610612756,Phoenix Suns,7167,3430,837,7697,1.0739500488349378,0.53697502441746892
2021,1610612757,Portland Trail Blazers,6558,2973,1132,7078,1.0792924672156146,0.53964623360780728
2011,1610612748,Miami Heat,6299,3030,546,6606,1.048737894903953,0.52436894745197649
2006,1610612747,Los Angeles Lakers,6607,2992,552,6536,0.98925382170425302,0.49462691085212651
2019,1610612737,Atlanta Hawks,7524,3392,1067,7851,1.0434609250398723,0.52173046251993616
2017,1610612763,Memphis Grizzlies,6850,2982,765,6729,0.98233576642335763,0.49116788321167881
2022,1610612749,Milwaukee Bucks,7331,3429,1153,8011,1.0927567862501706,0.54637839312508529
2021,1610612761,Toronto Raptors,6383,2859,1041,6759,1.0589064703117657,0.52945323515588283
2023,1610612754,Indiana Pacers,7345,3444,1112,8000,1.0891763104152485,0.54458815520762427
2023,1610612739,Cleveland Cavaliers,6984,3408,950,7766,1.1119702176403208,0.55598510882016039
2017,1610612747,Los Angeles Lakers,7140,3216,722,7154,1.0019607843137255,0.50098039215686274
2008,1610612748,Miami Heat,6336,2808,491,6107,0.9638573232323232,0.4819286616161616
2024,1610612752,New York Knicks,7272,3385,1083,7853,1.079895489548955,0.53994774477447749
2020,1610612763,Memphis Grizzlies,6634,3106,798,7010,1.0566777208320772,0.52833886041603861
2008,1610612764,Washington Wizards,6695,2986,575,6547,0.97789395070948471,0.48894697535474235
2018,1610612756,Phoenix Suns,7141,3153,763,7069,0.98991737851841477,0.49495868925920739
2009,1610612750,Minnesota Timberwolves,6766,2986,543,6515,0.96290274903931417,0.48145137451965708
2014,1610612761,Toronto Raptors,6716,2992,713,6697,0.997170935080405,0.4985854675402025
2023,1610612752,New York Knicks,7328,3444,1037,7925,1.0814683406113537,0.54073417030567683
2023,1610612749,Milwaukee Bucks,7411,3504,1217,8225,1.1098367291863447,0.55491836459317234
2014,1610612758,Sacramento Kings,6766,3026,491,6543,0.96704108779190068,0.48352054389595034
2008,1610612755,Philadelphia 76ers,6648,3056,302,6414,0.96480144404332135,0.48240072202166068
2004,1610612741,Chicago Bulls,6753,2798,429,6025,0.89219606100992155,0.44609803050496077
2015,1610612739,Cleveland Cavaliers,6738,3088,825,7001,1.0390323538141881,0.51951617690709406
2016,1610612754,Indiana Pacers,6970,3135,656,6926,0.99368723098995693,0.49684361549497846
2011,1610612753,Orlando Magic,6409,2956,770,6682,1.0425963488843812,0.52129817444219062
2019,1610612748,Miami Heat,7218,3251,928,7430,1.029371016902189,0.51468550845109451
2017,1610612751,Brooklyn Nets,6985,3101,876,7078,1.0133142448103079,0.50665712240515393
2015,1610612745,Houston Rockets,6831,3032,933,6997,1.0243009808227199,0.51215049041135996
2012,1610612748,Miami Heat,5212,2446,370,5262,1.0095932463545665,0.50479662317728324
2015,1610612751,Brooklyn Nets,6804,3069,541,6679,0.9816284538506761,0.49081422692533805
2014,1610612751,Brooklyn Nets,6390,2930,708,6568,1.0278560250391235,0.51392801251956177
2022,1610612756,Phoenix Suns,7389,3581,951,8113,1.0979834889700906,0.54899174448504529
2005,1610612764,Washington Wizards,6794,2966,514,6446,0.94877833382396237,0.47438916691198119
2009,1610612762,Utah Jazz,6623,3143,392,6678,1.0083043937792542,0.50415219688962709
2019,1610612738,Boston Celtics,7423,3451,1032,7934,1.068840091607167,0.53442004580358349
2024,1610612759,San Antonio Spurs,7436,3438,1036,7912,1.0640129101667564,0.53200645508337818
2012,1610612738,Boston Celtics,5086,2341,363,5045,0.99193865513173418,0.49596932756586709
2017,1610612761,Toronto Raptors,6914,3211,725,7147,1.0336997396586636,0.51684986982933179
2010,1610612758,Sacramento Kings,6894,3143,481,6767,0.9815781839280534,0.4907890919640267
2025,1610612761,Toronto Raptors,7462,3414,969,7797,1.0448941302599839,0.52244706512999195
2004,1610612748,Miami Heat,6417,2729,485,5943,0.92613370733987843,0.46306685366993922
2014,1610612765,Detroit Pistons,7123,3181,506,6868,0.96420047732696901,0.4821002386634845
2020,1610612742,Dallas Mavericks,6772,3124,1136,7384,1.0903721204961607,0.54518606024808036
2020,1610612743,Denver Nuggets,6488,3069,801,6939,1.0695129469790383,0.53475647348951916
2019,1610612753,Orlando Magic,7307,3316,937,7569,1.0358560284658547,0.51792801423292734
2010,1610612754,Indiana Pacers,6821,3019,658,6696,0.98167424131359038,0.49083712065679519
2008,1610612762,Utah Jazz,6592,3279,407,6965,1.0565837378640777,0.52829186893203883
2006,1610612745,Houston Rockets,6252,2708,469,5885,0.9412987843889955,0.47064939219449775
2005,1610612751,New Jersey Nets,6419,2753,435,5941,0.92553357220750898,0.46276678610375449
2020,1610612764,Washington Wizards,6544,2990,864,6844,1.0458435207823962,0.52292176039119809
2017,1610612764,Washington Wizards,7129,3385,753,7523,1.0552672184037031,0.52763360920185154
2020,1610612755,Philadelphia 76ers,6417,3000,848,6848,1.0671653420601528,0.53358267103007639
2014,1610612740,New Orleans Pelicans,6761,3101,486,6688,0.98920278065374945,0.49460139032687472
2017,1610612754,Indiana Pacers,6918,3211,699,7121,1.029343740965597,0.5146718704827985
2015,1610612766,Charlotte Hornets,6932,2913,498,6324,0.91229082515868432,0.45614541257934216
2014,1610612757,Portland Trail Blazers,7134,3207,770,7184,1.007008690776563,0.50350434538828148
2009,1610612755,Philadelphia 76ers,6531,2997,341,6335,0.969989281886388,0.484994640943194
2009,1610612764,Washington Wizards,6655,2994,395,6383,0.9591284748309542,0.4795642374154771
2011,1610612762,Utah Jazz,6590,3064,435,6563,0.99590288315629738,0.49795144157814869
2023,1610612747,Los Angeles Lakers,7298,3516,885,7917,1.0848177582899425,0.54240887914497127
2007,1610612740,New Orleans/Oklahoma City Hornets,6674,2971,455,6397,0.9584956547797423,0.47924782738987115
2009,1610612759,San Antonio Spurs,6532,3041,624,6706,1.0266380894060012,0.5133190447030006
2005,1610612760,Seattle SuperSonics,6498,2882,666,6430,0.98953524161280393,0.49476762080640196
2010,1610612755,Philadelphia 76ers,6706,3087,474,6648,0.99135102892931704,0.49567551446465852
2012,1610612765,Detroit Pistons,5232,2291,317,4899,0.93635321100917435,0.46817660550458717
2011,1610612750,Minnesota Timberwolves,7014,3090,589,6769,0.96506986027944108,0.48253493013972054
2015,1610612749,Milwaukee Bucks,6722,3083,545,6711,0.99836358226718236,0.49918179113359118
2020,1610612752,New York Knicks,5896,2638,631,5907,1.0018656716417911,0.50093283582089554
2017,1610612760,Oklahoma City Thunder,7168,3236,691,7163,0.9993024553571429,0.49965122767857145
2014,1610612755,Philadelphia 76ers,7148,3108,577,6793,0.95033575825405703,0.47516787912702851
2007,1610612766,Charlotte Bobcats,6643,2960,457,6377,0.95995785036880932,0.47997892518440466
2021,1610612749,Milwaukee Bucks,6610,3221,1038,7480,1.1316187594553706,0.5658093797276853
2015,1610612748,Miami Heat,6330,2885,556,6326,0.99936808846761449,0.49968404423380725
2019,1610612739,Cleveland Cavaliers,7184,3189,847,7225,1.005707126948775,0.50285356347438748
2005,1610612750,Minnesota Timberwolves,6629,3045,395,6485,0.97827726655604164,0.48913863327802082
2008,1610612758,Sacramento Kings,6558,3043,510,6596,1.0057944495272948,0.5028972247636474
2006,1610612761,Toronto Raptors,6639,3013,608,6634,0.99924687452929661,0.49962343726464831
2005,1610612759,San Antonio Spurs,6450,2923,507,6353,0.98496124031007748,0.49248062015503874
2006,1610612739,Cleveland Cavaliers,6412,2908,497,6313,0.98456019962570185,0.49228009981285092
2005,1610612766,Charlotte Bobcats,6859,2961,320,6242,0.91004519609272494,0.45502259804636247
2007,1610612764,Washington Wizards,6820,3070,561,6701,0.98255131964809383,0.49127565982404692
2018,1610612743,Denver Nuggets,7102,3338,940,7616,1.0723739791607998,0.5361869895803999
2007,1610612757,Portland Trail Blazers,6392,2874,426,6174,0.96589486858573215,0.48294743429286607
2018,1610612747,Los Angeles Lakers,7248,3338,822,7498,1.0344922737306843,0.51724613686534215
2021,1610612760,Oklahoma City Thunder,6338,2795,857,6447,1.0171978542126854,0.50859892710634269
2019,1610612756,Phoenix Suns,7164,3289,790,7368,1.0284757118927974,0.5142378559463987
2018,1610612757,Portland Trail Blazers,7132,3222,845,7289,1.0220134604598989,0.51100673022994947
2012,1610612757,Portland Trail Blazers,5417,2402,478,5282,0.97507845671035631,0.48753922835517816
2022,1610612740,New Orleans Pelicans,7212,3294,873,7461,1.0345257903494176,0.5172628951747088
2025,1610612749,Milwaukee Bucks,7082,3445,1161,8051,1.1368257554363175,0.56841287771815874
2017,1610612752,New York Knicks,7254,3243,703,7189,0.99103942652329746,0.49551971326164873
2020,1610612754,Indiana Pacers,6457,3075,743,6893,1.0675236177791545,0.53376180888957725
2006,1610612742,Dallas Mavericks,6375,2948,416,6312,0.99011764705882355,0.49505882352941177
2006,1610612765,Detroit Pistons,6558,2983,557,6523,0.99466300701433363,0.49733150350716682
2025,1610612737,Atlanta Hawks,7528,3556,1107,8219,1.0917906482465463,0.54589532412327313
2015,1610612756,Phoenix Suns,7038,3178,698,7054,1.002273373117363,0.50113668655868149
2010,1610612765,Detroit Pistons,6600,2938,372,6248,0.94666666666666666,0.47333333333333333
2025,1610612757,Portland Trail Blazers,7396,3325,1057,7707,1.0420497566252027,0.52102487831260136
2004,1610612759,San Antonio Spurs,6434,2842,408,6092,0.94684488654025489,0.47342244327012745
2025,1610612740,New Orleans Pelicans,7368,3332,986,7650,1.0382736156351791,0.51913680781758953
2010,1610612740,New Orleans Hornets,6842,3178,571,6927,1.0124232680502776,0.5062116340251388
2004,1610612762,Utah Jazz,6172,2690,252,5632,0.91250810110174985,0.45625405055087492
2021,1610612763,Memphis Grizzlies,6608,3085,803,6973,1.0552360774818401,0.52761803874092006
2011,1610612763,Memphis Grizzlies,6801,3200,309,6709,0.98647257756212325,0.49323628878106163
2016,1610612752,New York Knicks,6882,3021,609,6651,0.96643417611159543,0.48321708805579772
2006,1610612766,Charlotte Bobcats,6843,2961,428,6350,0.927955575040187,0.4639777875200935
2016,1610612762,Utah Jazz,6593,2957,694,6608,1.0022751403003185,0.50113757015015925
2023,1610612743,Denver Nuggets,7088,3574,969,8117,1.1451749435665914,0.57258747178329572
2009,1610612751,New Jersey Nets,6535,2924,651,6499,0.99449120122417756,0.49724560061208878
2014,1610612762,Utah Jazz,6650,2951,543,6445,0.96917293233082702,0.48458646616541351
2022,1610612765,Detroit Pistons,7267,3129,925,7183,0.98844089720655015,0.49422044860327508
2013,1610612765,Detroit Pistons,6638,2979,513,6471,0.97484181982524853,0.48742090991262427
2018,1610612749,Milwaukee Bucks,6807,3257,718,7232,1.0624357279271339,0.53121786396356696
2013,1610612763,Memphis Grizzlies,6679,2964,382,6310,0.9447522084144333,0.47237610420721665
2012,1610612754,Indiana Pacers,5374,2354,392,5100,0.94901377000372167,0.47450688500186083
2022,1610612737,Atlanta Hawks,7241,3401,1056,7858,1.085209225245132,0.54260461262256598
2024,1610612746,LA Clippers,7108,3473,1036,7982,1.1229600450196962,0.56148002250984808
2015,1610612742,Dallas Mavericks,7036,3255,732,7242,1.0292779988629903,0.51463899943149516
2024,1610612766,Charlotte Hornets,7133,3281,989,7551,1.0586008691994953,0.52930043459974763
2013,1610612758,Sacramento Kings,6904,3086,610,6782,0.98232908458864432,0.49116454229432216
2004,1610612754,Indiana Pacers,6322,2753,449,5955,0.94194875039544446,0.47097437519772223
2024,1610612750,Minnesota Timberwolves,6974,3383,1037,7803,1.1188700889016348,0.55943504445081738
2017,1610612753,Orlando Magic,7130,3138,700,6976,0.97840112201963536,0.48920056100981768
2016,1610612748,Miami Heat,6693,3148,496,6792,1.0147915732855222,0.50739578664276108
2015,1610612763,Memphis Grizzlies,6763,3097,423,6617,0.97841194736063875,0.48920597368031937
2005,1610612740,New Orleans Hornets,6556,2718,415,5851,0.89246491763270286,0.44623245881635143
2015,1610612761,Toronto Raptors,6828,3108,726,6942,1.0166959578207382,0.50834797891036909
2007,1610612753,Orlando Magic,6090,2875,342,6092,1.000328407224959,0.50016420361247949
2016,1610612741,Chicago Bulls,7170,3165,651,6981,0.97364016736401671,0.48682008368200835
2022,1610612752,New York Knicks,7069,3088,1082,7258,1.0267364549441222,0.51336822747206112
2020,1610612750,Minnesota Timberwolves,5865,2586,853,6025,1.0272804774083546,0.5136402387041773
2008,1610612752,New York Knicks,6757,2967,490,6424,0.95071777416013026,0.47535888708006513
2013,1610612744,Golden State Warriors,6840,3130,658,6918,1.0114035087719297,0.50570175438596487
2019,1610612757,Portland Trail Blazers,7427,3470,904,7844,1.0561464925272654,0.52807324626363272
2006,1610612749,Milwaukee Bucks,6566,2976,507,6459,0.98370392933292716,0.49185196466646358
2021,1610612744,Golden State Warriors,6347,2973,1048,6994,1.1019379234283915,0.55096896171419574
2018,1610612738,Boston Celtics,6975,3141,939,7221,1.035268817204301,0.51763440860215049
2007,1610612762,Utah Jazz,6471,3069,354,6492,1.0032452480296707,0.50162262401483537
2025,1610612760,Oklahoma City Thunder,7600,3660,1192,8512,1.1200000000000001,0.56000000000000005
2015,1610612753,Orlando Magic,6792,3076,554,6706,0.98733804475853948,0.49366902237926974
2024,1610612755,Philadelphia 76ers,7331,3404,992,7800,1.0639749011048971,0.53198745055244856
2022,1610612766,Charlotte Hornets,7497,3508,1143,8159,1.0883019874616513,0.54415099373082565
2006,1610612752,New York Knicks,6205,2822,320,5964,0.96116035455278004,0.48058017727639002
2016,1610612751,Brooklyn Nets,6918,3135,530,6800,0.98294304712344605,0.49147152356172302
2020,1610612746,LA Clippers,6425,2992,895,6879,1.0706614785992219,0.53533073929961095
2005,1610612752,New York Knicks,6599,2978,441,6397,0.96938930140930446,0.48469465070465223
2013,1610612760,Oklahoma City Thunder,6503,3125,597,6847,1.052898662155928,0.52644933107796399
2025,1610612747,Los Angeles Lakers,7007,3356,1092,7804,1.1137433994576851,0.55687169972884254
2024,1610612758,Sacramento Kings,7455,3553,1178,8284,1.1112005365526492,0.55560026827632458
2020,1610612766,Charlotte Hornets,5586,2425,785,5635,1.0087719298245614,0.50438596491228072
2009,1610612748,Miami Heat,6645,3034,582,6650,1.000752445447705,0.50037622272385252
2018,1610612737,Atlanta Hawks,7015,3130,917,7177,1.0230933713471133,0.51154668567355666
2011,1610612758,Sacramento Kings,6977,3133,427,6693,0.95929482585638526,0.47964741292819263
2012,1610612758,Sacramento Kings,5712,2490,411,5391,0.94380252100840334,0.47190126050420167
2007,1610612738,Boston Celtics,6454,2858,471,6187,0.95863030678648897,0.47931515339324449
2014,1610612754,Indiana Pacers,6572,2949,550,6448,0.98113207547169812,0.49056603773584906
2024,1610612747,Los Angeles Lakers,7177,3580,969,8129,1.1326459523477777,0.56632297617388883
2021,1610612745,Houston Rockets,6372,2826,992,6644,1.0426867545511613,0.52134337727558067
2018,1610612744,Golden State Warriors,6979,3509,926,7944,1.138271958733343,0.56913597936667149
2024,1610612764,Washington Wizards,7493,3523,1015,8061,1.0758040838115575,0.53790204190577873
2025,1610612765,Detroit Pistons,7363,3503,1051,8057,1.0942550590791797,0.54712752953958987
2004,1610612753,Orlando Magic,6768,2904,429,6237,0.92154255319148937,0.46077127659574468
2004,1610612757,Portland Trail Blazers,6467,2898,381,6177,0.95515695067264572,0.47757847533632286
2017,1610612755,Philadelphia 76ers,6977,3082,825,6989,1.0017199369356458,0.50085996846782288
2007,1610612742,Dallas Mavericks,6442,3010,535,6555,1.0175411362930766,0.50877056814653832
2010,1610612747,Los Angeles Lakers,6875,3144,532,6820,0.99199999999999999,0.496
2022,1610612751,Brooklyn Nets,7251,3442,940,7824,1.0790235829540753,0.53951179147703765
2013,1610612749,Milwaukee Bucks,7196,3128,601,6857,0.95289049471928844,0.47644524735964422
2020,1610612748,Miami Heat,6160,2880,979,6739,1.0939935064935065,0.54699675324675323
2005,1610612741,Chicago Bulls,6592,2849,511,6209,0.94189927184466016,0.47094963592233008
2005,1610612757,Portland Trail Blazers,6422,2896,420,6212,0.96729990657116161,0.4836499532855808
2009,1610612753,Orlando Magic,6416,2929,817,6675,1.0403678304239401,0.52018391521197005
2018,1610612751,Brooklyn Nets,7114,3136,1041,7313,1.0279730109642957,0.51398650548214786
2011,1610612741,Chicago Bulls,6587,3042,511,6595,1.0012145134355548,0.50060725671777739
2007,1610612750,Minnesota Timberwolves,6502,2997,384,6378,0.98092894494001848,0.49046447247000924
2004,1610612765,Detroit Pistons,6314,2747,333,5827,0.92286981311371552,0.46143490655685776
2023,1610612755,Philadelphia 76ers,6870,3347,1035,7729,1.1250363901018923,0.56251819505094613
2022,1610612763,Memphis Grizzlies,7739,3571,945,8087,1.0449670500064607,0.52248352500323036
2018,1610612765,Detroit Pistons,7129,3208,886,7302,1.0242670781315752,0.51213353906578762
2008,1610612743,Denver Nuggets,7038,3307,569,7183,1.0206024438761012,0.51030122193805061
2020,1610612739,Cleveland Cavaliers,5715,2619,727,5965,1.0437445319335084,0.52187226596675418
2017,1610612746,LA Clippers,6789,3233,832,7298,1.0749742230078068,0.53748711150390338
2020,1610612759,San Antonio Spurs,6350,2995,760,6750,1.0629921259842521,0.53149606299212604
2015,1610612744,Golden State Warriors,7137,3410,883,7703,1.0793050301247022,0.53965251506235112
2017,1610612759,San Antonio Spurs,6862,3222,753,7197,1.0488195861264937,0.52440979306324687
2021,1610612742,Dallas Mavericks,6287,2958,994,6910,1.0990933672657865,0.54954668363289327
2025,1610612758,Sacramento Kings,7385,3529,1032,8090,1.0954637779282328,0.5477318889641164
2004,1610612758,Sacramento Kings,6711,3103,601,6807,1.0143048725972283,0.50715243629861417
2006,1610612743,Denver Nuggets,6672,3078,350,6506,0.97511990407673865,0.48755995203836933
2023,1610612763,Memphis Grizzlies,7551,3585,985,8155,1.0799894053767713,0.53999470268838567
2005,1610612748,Miami Heat,6368,3097,475,6669,1.0472675879396984,0.52363379396984921
2007,1610612737,Atlanta Hawks,6372,2831,341,6003,0.94209039548022599,0.471045197740113
2016,1610612739,Cleveland Cavaliers,6883,3169,878,7216,1.0483800668313235,0.52419003341566173
2009,1610612746,Los Angeles Clippers,6695,2955,535,6445,0.96265870052277824,0.48132935026138912
2019,1610612744,Golden State Warriors,7361,3612,1087,8311,1.1290585518271974,0.56452927591359869
2005,1610612761,Toronto Raptors,6656,2952,648,6552,0.984375,0.4921875
2013,1610612756,Phoenix Suns,6917,3061,480,6602,0.9544600260228423,0.47723001301142115
2024,1610612760,Oklahoma City Thunder,7324,3653,1090,8396,1.1463681048607319,0.57318405243036596
2004,1610612755,Philadelphia 76ers,6260,2682,339,5703,0.91102236421725236,0.45551118210862618
2016,1610612757,Portland Trail Blazers,7036,3167,864,7198,1.0230244457077886,0.5115122228538943
2011,1610612743,Denver Nuggets,6609,3144,661,6949,1.0514449992434558,0.5257224996217279
2016,1610612749,Milwaukee Bucks,6726,3142,437,6721,0.99925661611656258,0.49962830805828129
2010,1610612748,Miami Heat,6518,2984,494,6462,0.99140840748695924,0.49570420374347962
2007,1610612755,Philadelphia 76ers,6408,2932,284,6148,0.95942571785268416,0.47971285892634208
2024,1610612762,Utah Jazz,7371,3443,1060,7946,1.0780084113417447,0.53900420567087237
2014,1610612759,San Antonio Spurs,6843,3326,698,7350,1.0740903112669882,0.53704515563349409
2022,1610612754,Indiana Pacers,7338,3398,997,7793,1.0620059961842463,0.53100299809212315
2023,1610612760,Oklahoma City Thunder,7590,3533,995,8061,1.0620553359683795,0.53102766798418977
2019,1610612741,Chicago Bulls,7205,3266,745,7277,1.0099930603747398,0.5049965301873699
2004,1610612738,Boston Celtics,6415,2843,553,6239,0.97256430241621206,0.48628215120810603
2018,1610612758,Sacramento Kings,7063,3179,738,7096,1.0046722355939401,0.50233611779697007
2009,1610612739,Cleveland Cavaliers,6454,3022,656,6700,1.0381158971180664,0.5190579485590332
2024,1610612763,Memphis Grizzlies,7229,3145,1071,7361,1.0182597869691521,0.50912989348457605
2017,1610612738,Boston Celtics,6974,3166,983,7315,1.0488958990536277,0.52444794952681384
2004,1610612743,Denver Nuggets,6763,2993,331,6317,0.93405293508797871,0.46702646754398935
2008,1610612763,Memphis Grizzlies,6737,3060,620,6740,1.0004453020632329,0.50022265103161645
2019,1610612743,Denver Nuggets,7384,3439,903,7781,1.0537648970747562,0.52688244853737809
2004,1610612744,Golden State Warriors,6511,2875,429,6179,0.94900936876055908,0.47450468438027954
2008,1610612765,Detroit Pistons,6551,2999,487,6485,0.98992520225919711,0.49496260112959856
2024,1610612756,Phoenix Suns,7063,3482,1020,7984,1.1303978479399688,0.56519892396998439
2009,1610612761,Toronto Raptors,6673,3054,479,6587,0.98711224336879966,0.49355612168439983
2006,1610612755,Philadelphia 76ers,6546,3001,375,6377,0.97418270699663911,0.48709135349831956
2021,1610612741,Chicago Bulls,6380,3035,904,6974,1.0931034482758621,0.54655172413793107
2016,1610612756,Phoenix Suns,7013,3050,737,6837,0.97490375017824038,0.48745187508912019
2010,1610612756,Phoenix Suns,6788,3339,730,7408,1.0913376546847378,0.54566882734236888
2005,1610612747,Los Angeles Lakers,6629,2895,644,6434,0.97058379846130638,0.48529189923065319
2007,1610612739,Cleveland Cavaliers,6658,2978,494,6450,0.96875938720336441,0.4843796936016822
2006,1610612738,Boston Celtics,6322,2951,467,6369,1.0074343562163872,0.50371717810819361
2025,1610612755,Philadelphia 76ers,7168,3254,1041,7549,1.0531529017857142,0.5265764508928571
2019,1610612766,Charlotte Hornets,7362,3297,977,7571,1.028389024721543,0.51419451236077152
2013,1610612755,Philadelphia 76ers,6894,3059,518,6636,0.96257615317667533,0.48128807658833767
2022,1610612755,Philadelphia 76ers,6932,3230,950,7410,1.0689555683785343,0.53447778418926717
2019,1610612751,Brooklyn Nets,7358,3301,1047,7649,1.0395487904321827,0.51977439521609137
2013,1610612757,Portland Trail Blazers,6713,3008,672,6688,0.99627588261582001,0.49813794130791
2006,1610612762,Utah Jazz,6207,2744,311,5799,0.93426776220396324,0.46713388110198162
2010,1610612757,Portland Trail Blazers,6453,2974,491,6439,0.99783046644971329,0.49891523322485665
2021,1610612750,Minnesota Timberwolves,6546,2932,944,6808,1.0400244424075771,0.52001222120378854
2014,1610612764,Washington Wizards,6918,3177,647,7001,1.0119976871928302,0.50599884359641512
2021,1610612756,Phoenix Suns,6357,3118,940,7176,1.1288343558282208,0.56441717791411039
2005,1610612754,Indiana Pacers,6169,2668,542,5878,0.95282865942616313,0.47641432971308156
2015,1610612750,Minnesota Timberwolves,6819,2985,405,6375,0.93488781346238448,0.46744390673119224
2005,1610612739,Cleveland Cavaliers,6687,2990,300,6280,0.93913563630925678,0.46956781815462839
2021,1610612740,New Orleans Pelicans,6412,3060,762,6882,1.0733000623830318,0.53665003119151589
2025,1610612759,San Antonio Spurs,7362,3426,1158,8010,1.0880195599022005,0.54400977995110023
2015,1610612740,New Orleans Pelicans,6793,3107,585,6799,1.0008832621816577,0.50044163109082884
2009,1610612742,Dallas Mavericks,6770,3128,571,6827,1.0084194977843426,0.50420974889217129
2011,1610612757,Portland Trail Blazers,6598,2950,517,6417,0.97256744468020617,0.48628372234010309
2013,1610612739,Cleveland Cavaliers,6901,2993,547,6533,0.94667439501521522,0.47333719750760761
2016,1610612747,Los Angeles Lakers,6947,2876,635,6387,0.91938966460342597,0.45969483230171299
2012,1610612745,Houston Rockets,5542,2489,478,5456,0.98448213641284732,0.49224106820642366
2009,1610612757,Portland Trail Blazers,6494,3018,596,6632,1.0212503849707422,0.51062519248537108
2018,1610612759,San Antonio Spurs,6999,3202,696,7100,1.0144306329475639,0.50721531647378193
2017,1610612756,Phoenix Suns,7258,3270,615,7155,0.98580876274455775,0.49290438137227888
2016,1610612760,Oklahoma City Thunder,7080,3372,678,7422,1.0483050847457627,0.52415254237288134
2020,1610612753,Orlando Magic,6468,2871,807,6549,1.0125231910946197,0.50626159554730987
2021,1610612755,Philadelphia 76ers,6257,2981,811,6773,1.0824676362474028,0.54123381812370142
2011,1610612745,Houston Rockets,6973,3169,676,7014,1.005879822171232,0.50293991108561598
2010,1610612761,Toronto Raptors,6631,3199,518,6916,1.0429799426934097,0.52148997134670483
2023,1610612762,Utah Jazz,7365,3485,1094,8064,1.094908350305499,0.54745417515274952
2017,1610612749,Milwaukee Bucks,6701,3175,713,7063,1.0540217877928668,0.52701089389643341
2022,1610612747,Los Angeles Lakers,7279,3415,982,7812,1.0732243440032971,0.53661217200164857
2022,1610612764,Washington Wizards,7056,3327,860,7514,1.0649092970521541,0.53245464852607705
2013,1610612764,Washington Wizards,6692,2910,545,6365,0.95113568439928275,0.47556784219964138
2017,1610612758,Sacramento Kings,6727,3100,732,6932,1.0304742084138545,0.51523710420692725
2012,1610612737,Atlanta Hawks,5348,2429,492,5350,1.0003739715781601,0.50018698578908005
2013,1610612748,Miami Heat,6346,3148,717,7013,1.10510557831705,0.55255278915852502
2014,1610612742,Dallas Mavericks,6857,3248,720,7216,1.0523552574011958,0.52617762870059792
2020,1610612749,Milwaukee Bucks,6638,3160,1007,7327,1.1037963241940343,0.55189816209701714
2022,1610612757,Portland Trail Blazers,7144,3161,1043,7365,1.0309350503919372,0.51546752519596861
2020,1610612747,Los Angeles Lakers,6269,3006,782,6794,1.0837454139416174,0.54187270697080869
2015,1610612762,Utah Jazz,6492,2900,610,6410,0.98736906962415283,0.49368453481207641
2008,1610612751,New Jersey Nets,6450,2856,498,6210,0.96279069767441861,0.4813953488372093
2023,1610612766,Charlotte Hornets,7413,3385,881,7651,1.0321057601510859,0.51605288007554295
2021,1610612751,Brooklyn Nets,6289,3106,1020,7232,1.1499443472730164,0.57497217363650821
2021,1610612743,Denver Nuggets,6422,3114,927,7155,1.1141388975397073,0.55706944876985365
2015,1610612764,Washington Wizards,6790,3139,497,6775,0.99779086892488955,0.49889543446244478
2020,1610612760,Oklahoma City Thunder,6156,2879,770,6528,1.0604288499025341,0.53021442495126703
2019,1610612742,Dallas Mavericks,7122,3182,1022,7386,1.0370682392586352,0.51853411962931761
2005,1610612762,Utah Jazz,6301,2828,250,5906,0.93731153785113475,0.46865576892556737
2025,1610612766,Charlotte Hornets,7308,3142,1065,7349,1.0056102900930488,0.5028051450465244
2013,1610612753,Orlando Magic,6904,3093,506,6692,0.96929316338354576,0.48464658169177288
2025,1610612751,Brooklyn Nets,7060,3086,1113,7285,1.0318696883852692,0.51593484419263458
2011,1610612744,Golden State Warriors,7047,3251,685,7187,1.0198666099049241,0.50993330495246203
2004,1610612739,Cleveland Cavaliers,6753,2922,247,6091,0.90196949503924184,0.45098474751962092
2021,1610612766,Charlotte Hornets,6324,2875,985,6735,1.0649905123339658,0.5324952561669829
2008,1610612745,Houston Rockets,6698,3003,583,6589,0.98372648551806507,0.49186324275903254
2018,1610612766,Charlotte Hornets,7106,3197,824,7218,1.0157613284548268,0.5078806642274134
2025,1610612738,Boston Celtics,7382,3413,1457,8283,1.1220536439989164,0.56102682199945819
2012,1610612761,Toronto Raptors,5154,2268,365,4901,0.95091191307722156,0.47545595653861078
2008,1610612766,Charlotte Bobcats,6554,2960,529,6449,0.98397924931339642,0.49198962465669821
2013,1610612738,Boston Celtics,6458,3001,498,6500,1.0065035614741407,0.50325178073707033
2021,1610612753,Orlando Magic,6423,2754,784,6292,0.97960454616222947,0.48980227308111474
2011,1610612740,New Orleans Hornets,6416,2944,444,6332,0.98690773067331672,0.49345386533665836
2012,1610612753,Orlando Magic,5162,2275,670,5220,1.0112359550561798,0.5056179775280899
2022,1610612744,Golden State Warriors,7087,3323,1176,7822,1.1037110201777902,0.55185551008889511
2007,1610612756,Phoenix Suns,6855,3388,785,7561,1.1029905178701678,0.55149525893508389
2022,1610612759,San Antonio Spurs,7601,3546,925,8017,1.0547296408367319,0.52736482041836596
2023,1610612750,Minnesota Timberwolves,7167,3515,997,8027,1.1199944188642388,0.55999720943211939
2009,1610612743,Denver Nuggets,6510,3058,548,6664,1.0236559139784946,0.51182795698924732
2018,1610612741,Chicago Bulls,7285,3170,906,7246,0.994646533973919,0.4973232669869595
2005,1610612737,Atlanta Hawks,6672,2942,304,6188,0.92745803357314149,0.46372901678657075
2018,1610612752,New York Knicks,7193,3334,673,7341,1.020575559571806,0.51028777978590301
2020,1610612751,Brooklyn Nets,6498,2908,941,6757,1.0398584179747614,0.51992920898738071
2016,1610612743,Denver Nuggets,7002,3092,655,6839,0.97672093687517847,0.48836046843758923
2024,1610612751,Brooklyn Nets,7307,3334,1089,7757,1.0615847817161626,0.53079239085808128
2011,1610612752,New York Knicks,6865,3140,765,7045,1.0262199563000729,0.51310997815003645
2016,1610612766,Charlotte Hornets,6921,3036,873,6945,1.0034677069787603,0.50173385348938015
2023,1610612748,Miami Heat,6991,3215,980,7410,1.0599342011157202,0.52996710055786012
2025,1610612745,Houston Rockets,7659,3484,1038,8006,1.0453061757409583,0.52265308787047915
2009,1610612741,Chicago Bulls,6844,3126,493,6745,0.98553477498538866,0.49276738749269433
2004,1610612745,Houston Rockets,6195,2738,515,5991,0.96707021791767556,0.48353510895883778
2004,1610612756,Phoenix Suns,6671,2958,415,6331,0.94903312846649679,0.47451656423324839
2014,1610612747,Los Angeles Lakers,6974,3138,773,7049,1.0107542299971322,0.50537711499856608
2025,1610612762,Utah Jazz,7272,3305,1144,7754,1.0662816281628162,0.53314081408140812
2021,1610612754,Indiana Pacers,6567,3115,889,7119,1.0840566468707171,0.54202832343535856
2016,1610612763,Memphis Grizzlies,6858,3018,503,6539,0.95348498104403612,0.47674249052201806
2008,1610612747,Los Angeles Lakers,6818,3248,662,7158,1.049867996479906,0.52493399823995301
2013,1610612761,Toronto Raptors,6682,2978,570,6526,0.97665369649805445,0.48832684824902722
2007,1610612744,Golden State Warriors,7048,3261,700,7222,1.0246878547105562,0.51234392735527812
2014,1610612746,Los Angeles Clippers,6754,3206,691,7103,1.0516730826177081,0.52583654130885404
2016,1610612761,Toronto Raptors,6658,3006,708,6720,1.0093121057374588,0.50465605286872939
2006,1610612753,Orlando Magic,6167,2911,299,6121,0.99254094373277124,0.49627047186638562
2004,1610612747,Los Angeles Lakers,6676,3028,365,6421,0.96180347513481124,0.48090173756740562
2012,1610612752,New York Knicks,5335,2365,517,5247,0.98350515463917521,0.4917525773195876
2004,1610612740,New Orleans Hornets,6605,2772,531,6075,0.91975775927327785,0.45987887963663893
2007,1610612765,Detroit Pistons,6484,2942,449,6333,0.97671190623072179,0.4883559531153609
2013,1610612766,Charlotte Bobcats,6649,2823,469,6115,0.91968717100315833,0.45984358550157917
2021,1610612752,New York Knicks,6225,2839,847,6525,1.0481927710843373,0.52409638554216864
2023,1610612751,Brooklyn Nets,6978,3399,1048,7846,1.1243909429635999,0.56219547148179994
2022,1610612762,Utah Jazz,7067,3327,1192,7846,1.1102306494976653,0.55511532474883263
2004,1610612749,Milwaukee Bucks,6650,2970,401,6341,0.95353383458646612,0.47676691729323306
2012,1610612760,Oklahoma City Thunder,5229,2462,472,5396,1.0319372729011282,0.51596863645056412
2023,1610612737,Atlanta Hawks,7574,3658,882,8198,1.082387113810404,0.54119355690520199
2009,1610612737,Atlanta Hawks,6447,2954,595,6503,1.008686210640608,0.50434310532030402
2010,1610612766,Charlotte Bobcats,6305,2858,460,6176,0.97954004758128466,0.48977002379064233
2023,1610612764,Washington Wizards,7127,3456,925,7837,1.0996211589729199,0.54981057948645995
2012,1610612747,Los Angeles Lakers,5318,2428,361,5217,0.98100789770590446,0.49050394885295223
2012,1610612740,New Orleans Hornets,5103,2300,259,4859,0.95218498922202621,0.47609249461101311
2019,1610612762,Utah Jazz,7082,3314,993,7621,1.0761084439423891,0.53805422197119457
2014,1610612738,Boston Celtics,6881,2996,575,6567,0.95436709780555151,0.47718354890277576
2008,1610612739,Cleveland Cavaliers,6697,2937,552,6426,0.95953411975511427,0.47976705987755713
2006,1610612764,Washington Wizards,6656,2975,497,6447,0.96859975961538458,0.48429987980769229
2022,1610612760,Oklahoma City Thunder,7310,3141,991,7273,0.99493844049247604,0.49746922024623802
2018,1610612746,LA Clippers,7004,3302,777,7381,1.0538263849229013,0.52691319246145063
2024,1610612739,Cleveland Cavaliers,7148,3425,1108,7958,1.1133184107442642,0.55665920537213209
2006,1610612741,Chicago Bulls,6737,3004,560,6568,0.97491465043788039,0.4874573252189402
2014,1610612760,Oklahoma City Thunder,6781,3194,664,7052,1.0399646069901194,0.51998230349505969
2023,1610612759,San Antonio Spurs,7593,3533,911,7977,1.0505728960885026,0.52528644804425129
2009,1610612744,Golden State Warriors,7054,3231,550,7012,0.99404593138644737,0.49702296569322368
2023,1610612746,LA Clippers,7060,3370,1041,7781,1.1021246458923513,0.55106232294617563
2004,1610612752,New York Knicks,6513,2881,406,6168,0.94702901888530633,0.47351450944265316
2006,1610612744,Golden State Warriors,6785,2939,625,6503,0.95843773028739865,0.47921886514369932
2014,1610612737,Atlanta Hawks,6687,3061,768,6890,1.0303574098998056,0.51517870494990281
2011,1610612742,Dallas Mavericks,6463,3069,645,6783,1.0495126102429213,0.52475630512146065
2022,1610612746,LA Clippers,7170,3285,1047,7617,1.0623430962343097,0.53117154811715483
2024,1610612745,Houston Rockets,7459,3425,1043,7893,1.0581847432631719,0.52909237163158596
2024,1610612743,Denver Nuggets,7279,3610,958,8178,1.1235059760956174,0.56175298804780871
2016,1610612742,Dallas Mavericks,6898,3062,804,6928,1.0043490866917948,0.5021745433458974
2015,1610612758,Sacramento Kings,6617,3010,461,6481,0.97944687925041563,0.48972343962520781
2025,1610612764,Washington Wizards,7371,3233,1075,7541,1.0230633563966898,0.51153167819834489
2009,1610612752,New York Knicks,7091,3157,823,7137,1.006487096319278,0.50324354815963901
2013,1610612740,New Orleans Hornets,6589,2955,535,6445,0.97814539383821519,0.4890726969191076
2023,1610612761,Toronto Raptors,7489,3434,880,7748,1.0345840566163707,0.51729202830818533
2014,1610612752,New York Knicks,6739,3027,759,6813,1.0109808576940198,0.5054904288470099
2007,1610612745,Houston Rockets,6528,2906,705,6517,0.99831495098039214,0.49915747549019607
2017,1610612737,Atlanta Hawks,6913,3122,728,6972,1.0085346448719803,0.50426732243599015
2005,1610612738,Boston Celtics,6511,3046,437,6529,1.0027645522961142,0.50138227614805708
2004,1610612746,Los Angeles Clippers,6579,2817,329,5963,0.90636874905000764,0.45318437452500382
2015,1610612760,Oklahoma City Thunder,7116,3183,631,6997,0.9832771219786397,0.49163856098931985
2005,1610612758,Sacramento Kings,6978,3203,522,6928,0.9928346231011751,0.49641731155058755
2005,1610612745,Houston Rockets,6419,2846,553,6245,0.97289297398348651,0.48644648699174325
2012,1610612739,Cleveland Cavaliers,5360,2261,440,4962,0.92574626865671639,0.46287313432835819
2013,1610612751,Brooklyn Nets,6541,2942,628,6512,0.99556642715181165,0.49778321357590583
2023,1610612738,Boston Celtics,7278,3460,1315,8235,1.131492168178071,0.56574608408903548
2013,1610612743,Denver Nuggets,6981,3339,521,7199,1.0312276178197965,0.51561380890989827
2018,1610612754,Indiana Pacers,7083,3345,741,7431,1.049131723845828,0.52456586192291399
2005,1610612763,Memphis Grizzlies,6271,2802,531,6135,0.97831286876096313,0.48915643438048156
2009,1610612745,Houston Rockets,6525,2959,621,6539,1.0021455938697319,0.50107279693486595
2011,1610612738,Boston Celtics,6219,3023,408,6454,1.0377874256311304,0.51889371281556518
2011,1610612765,Detroit Pistons,6646,3055,471,6581,0.99021968101113456,0.49510984050556728
2010,1610612743,Denver Nuggets,6678,3124,544,6792,1.0170709793351302,0.50853548966756512
2025,1610612741,Chicago Bulls,7545,3543,1266,8352,1.1069582504970179,0.55347912524850895
2016,1610612744,Golden State Warriors,7155,3486,1074,8046,1.1245283018867924,0.56226415094339621
2022,1610612750,Minnesota Timberwolves,7458,3411,1211,8033,1.0770984178063825,0.53854920890319125
2009,1610612763,Memphis Grizzlies,6310,2865,398,6128,0.97115689381933434,0.48557844690966717
2007,1610612752,New York Knicks,6356,2903,474,6280,0.98804279421019514,0.49402139710509757
2004,1610612760,Seattle SuperSonics,6590,2939,723,6601,1.0016691957511381,0.50083459787556905
2006,1610612750,Minnesota Timberwolves,6340,2888,310,6086,0.95993690851735014,0.47996845425867507
2018,1610612740,New Orleans Pelicans,7241,3500,837,7837,1.0823090733324126,0.54115453666620628
2010,1610612745,Houston Rockets,6921,3093,645,6831,0.98699609882964889,0.49349804941482445
2010,1610612742,Dallas Mavericks,6759,3140,558,6838,1.0116881195443113,0.50584405977215563
2017,1610612739,Cleveland Cavaliers,6956,3273,1065,7611,1.0941633122484187,0.54708165612420934
2024,1610612742,Dallas Mavericks,7352,3535,1197,8267,1.124455930359086,0.56222796517954299
2015,1610612757,Portland Trail Blazers,7046,3172,804,7148,1.01447629860914,0.50723814930457001
2019,1610612746,LA Clippers,7178,3384,821,7589,1.0572582892170521,0.52862914460852606
2022,1610612753,Orlando Magic,7240,3139,999,7277,1.0051104972375691,0.50255524861878453
2021,1610612762,Utah Jazz,6344,2971,1205,7147,1.1265762925598992,0.56328814627994961
2006,1610612748,Miami Heat,6355,3039,497,6575,1.0346184107002361,0.51730920535011804
2020,1610612737,Atlanta Hawks,6067,2723,805,6251,1.0303280039558267,0.51516400197791334
2010,1610612760,Oklahoma City Thunder,6629,3063,418,6544,0.9871775531754412,0.4935887765877206
2015,1610612743,Denver Nuggets,7158,3099,660,6858,0.95808885163453483,0.47904442581726742
2022,1610612743,Denver Nuggets,7079,3416,1039,7871,1.1118802090690776,0.55594010453453879
2011,1610612759,San Antonio Spurs,6626,3148,685,6981,1.0535768185934198,0.52678840929670989
2010,1610612746,Los Angeles Clippers,6600,3001,482,6484,0.98242424242424242,0.49121212121212121
2012,1610612766,Charlotte Bobcats,5293,2193,263,4649,0.87832986963914605,0.43916493481957303
2016,1610612746,LA Clippers,6726,3128,784,7040,1.0466845078798692,0.52334225393993461
2010,1610612753,Orlando Magic,6394,3005,841,6851,1.0714732561776665,0.53573662808883327
2013,1610612746,Los Angeles Clippers,6606,3160,627,6947,1.0516197396306388,0.52580986981531941
2021,1610612748,Miami Heat,6029,2824,932,6580,1.0913916072317134,0.54569580361585668
2004,1610612750,Minnesota Timberwolves,6571,3033,326,6392,0.97275909298432506,0.48637954649216253
2019,1610612764,Washington Wizards,7387,3456,930,7842,1.0615946933802627,0.53079734669013134
2012,1610612764,Washington Wizards,5472,2412,342,5166,0.94407894736842102,0.47203947368421051
2013,1610612747,Los Angeles Lakers,6632,3037,711,6785,1.0230699638118215,0.51153498190591074
2005,1610612743,Denver Nuggets,6615,3038,320,6396,0.9668934240362812,0.4834467120181406
2015,1610612754,Indiana Pacers,6824,2998,612,6608,0.96834701055099648,0.48417350527549824
2018,1610612750,Minnesota Timberwolves,7063,3365,658,7388,1.0460144414554722,0.52300722072773609
2012,1610612755,Philadelphia 76ers,5516,2471,349,5291,0.95920957215373459,0.4796047860768673
2017,1610612741,Chicago Bulls,7138,3169,623,6961,0.97520313813393111,0.48760156906696556
2005,1610612744,Golden State Warriors,7039,3029,624,6682,0.94928256854666859,0.4746412842733343
2013,1610612754,Indiana Pacers,6524,2845,555,6245,0.95723482526057635,0.47861741263028817
2018,1610612748,Miami Heat,6997,3184,903,7271,1.0391596398456482,0.51957981992282409
2007,1610612741,Chicago Bulls,6663,3046,480,6572,0.98634248836860272,0.49317124418430136
2010,1610612739,Cleveland Cavaliers,6390,3100,601,6801,1.0643192488262911,0.53215962441314557
2007,1610612749,Milwaukee Bucks,6714,3121,524,6766,1.0077450104259755,0.50387250521298776
2009,1610612766,Charlotte Bobcats,6299,2866,490,6222,0.98777583743451336,0.49388791871725668
2016,1610612764,Washington Wizards,7027,3237,708,7182,1.0220577771452968,0.51102888857264839
2016,1610612740,New Orleans Pelicans,7035,3152,701,7005,0.99573560767590619,0.49786780383795309
2008,1610612746,Los Angeles Clippers,6445,2820,350,5990,0.92940263770364628,0.46470131885182314
2019,1610612740,New Orleans Pelicans,7563,3581,842,8004,1.0583101943673145,0.52915509718365727
2025,1610612754,Indiana Pacers,7326,3574,1081,8229,1.1232596232596233,0.56162981162981163
2006,1610612759,San Antonio Spurs,6342,2993,524,6510,1.0264900662251655,0.51324503311258274
2023,1610612758,Sacramento Kings,7232,3573,1128,8274,1.1440818584070795,0.57204092920353977
2023,1610612745,Houston Rockets,7287,3329,856,7514,1.0311513654453135,0.51557568272265675
2007,1610612751,New Jersey Nets,6379,2913,609,6435,1.0087788054554006,0.50438940272770028
2025,1610612763,Memphis Grizzlies,7654,3670,1141,8481,1.1080480794355891,0.55402403971779457
2019,1610612747,Los Angeles Lakers,7425,3491,847,7829,1.0544107744107745,0.52720538720538723
2014,1610612756,Phoenix Suns,6843,3171,764,7106,1.0384334356276488,0.51921671781382439
2022,1610612758,Sacramento Kings,7223,3321,937,7579,1.0492869998615533,0.52464349993077664
2019,1610612765,Detroit Pistons,7238,3185,993,7363,1.0172699640784748,0.5086349820392374
2022,1610612741,Chicago Bulls,7127,3422,872,7716,1.0826434685000701,0.54132173425003505
2008,1610612756,Phoenix Suns,6782,3392,694,7478,1.1026245945148923,0.55131229725744613
2017,1610612742,Dallas Mavericks,6749,2967,877,6811,1.0091865461549858,0.50459327307749291
2015,1610612746,Los Angeles Clippers,6827,3227,826,7280,1.0663541819247107,0.53317709096235533
2007,1610612761,Toronto Raptors,6547,3032,531,6595,1.0073316022605774,0.50366580113028869
2007,1610612746,Los Angeles Clippers,6318,2880,314,6074,0.96138018360240585,0.48069009180120292
2017,1610612762,Utah Jazz,6514,3033,791,6857,1.052655818237642,0.52632790911882099
2006,1610612763,Memphis Grizzlies,6125,2746,590,6082,0.99297959183673468,0.49648979591836734
2004,1610612763,Memphis Grizzlies,6657,2963,447,6373,0.95733814030344,0.47866907015172
2015,1610612755,Philadelphia 76ers,6776,2765,692,6222,0.91824085005903189,0.45912042502951594
2015,1610612752,New York Knicks,6726,2882,560,6324,0.94023193577163244,0.47011596788581622
2004,1610612742,Dallas Mavericks,7230,3322,507,7151,0.98907330567081608,0.49453665283540804
2016,1610612750,Minnesota Timberwolves,6666,3094,454,6642,0.99639963996399639,0.49819981998199819
2009,1610612754,Indiana Pacers,7080,3220,652,7092,1.0016949152542374,0.50084745762711869
2014,1610612743,Denver Nuggets,7042,3147,702,6996,0.99346776483953425,0.49673388241976713
2005,1610612756,Phoenix Suns,7018,3351,796,7498,1.0683955542889711,0.53419777714448557
2010,1610612759,San Antonio Spurs,6657,3149,553,6851,1.0291422562715937,0.51457112813579686
2019,1610612750,Minnesota Timberwolves,7483,3413,827,7653,1.022718161165308,0.511359080582654
2011,1610612754,Indiana Pacers,6786,3003,585,6591,0.97126436781609193,0.48563218390804597
2016,1610612759,San Antonio Spurs,6792,3288,569,7145,1.0519729093050647,0.52598645465253235
2017,1610612766,Charlotte Hornets,6998,3093,824,7010,1.0017147756501859,0.50085738782509293
2012,1610612746,Los Angeles Clippers,5362,2437,512,5386,1.0044759418127565,0.50223797090637823
2012,1610612750,Minnesota Timberwolves,5433,2355,473,5183,0.95398490704951222,0.47699245352475611
2013,1610612750,Minnesota Timberwolves,6702,2943,450,6336,0.94538943598925695,0.47269471799462848
2025,1610612756,Phoenix Suns,7075,3381,1176,7938,1.1219787985865723,0.56098939929328617
2006,1610612737,Atlanta Hawks,6496,2946,424,6316,0.97229064039408863,0.48614532019704432
2018,1610612739,Cleveland Cavaliers,6950,3311,981,7603,1.093956834532374,0.54697841726618701
2014,1610612741,Chicago Bulls,6577,2843,508,6194,0.9417667629618367,0.47088338148091835
2021,1610612746,LA Clippers,6242,3009,1027,7045,1.1286446651714195,0.56432233258570974
2020,1610612765,Detroit Pistons,5658,2595,791,5981,1.0570873100035347,0.52854365500176737
2011,1610612751,New Jersey Nets,6638,2918,459,6295,0.94832780958119911,0.47416390479059956
2019,1610612760,Oklahoma City Thunder,7706,3497,932,7926,1.0285491824552297,0.51427459122761487
2010,1610612750,Minnesota Timberwolves,6923,3106,403,6615,0.9555106167846309,0.47775530839231545
2018,1610612763,Memphis Grizzlies,6788,3013,758,6784,0.99941072480848558,0.49970536240424279
2021,1610612759,San Antonio Spurs,6518,3014,716,6744,1.0346732126419147,0.51733660632095735
2023,1610612742,Dallas Mavericks,6909,3283,1246,7812,1.1306990881458967,0.56534954407294835
2022,1610612738,Boston Celtics,7167,3341,1085,7767,1.0837170364169109,0.54185851820845543
2010,1610612752,New York Knicks,6876,3127,743,6997,1.0175974403723096,0.5087987201861548
2008,1610612750,Minnesota Timberwolves,6817,3076,441,6593,0.96714097110165764,0.48357048555082882
2008,1610612759,San Antonio Spurs,6424,2938,594,6470,1.0071606475716064,0.5035803237858032
2011,1610612760,Oklahoma City Thunder,6609,3066,487,6619,1.0015130882130427,0.50075654410652137
2022,1610612761,Toronto Raptors,7489,3332,979,7643,1.0205634931232475,0.51028174656162373
2009,1610612756,Phoenix Suns,6694,3372,552,7296,1.0899312817448461,0.54496564087242305
2004,1610612764,Washington Wizards,6557,2759,434,5952,0.90773219460118959,0.4538660973005948
2006,1610612751,New Jersey Nets,6317,2778,477,6033,0.95504195029286054,0.47752097514643027
2023,1610612753,Orlando Magic,7074,3323,883,7529,1.0643200452360757,0.53216002261803785
2019,1610612754,Indiana Pacers,7135,3390,779,7559,1.0594253679046952,0.52971268395234761
2004,1610612751,New Jersey Nets,6372,2813,377,6003,0.94209039548022599,0.471045197740113
2010,1610612738,Boston Celtics,6293,3039,499,6577,1.0451295089782298,0.52256475448911488
2013,1610612737,Atlanta Hawks,6644,3084,706,6874,1.0346177001806141,0.51730885009030703
2025,1610612752,New York Knicks,7315,3553,1031,8137,1.1123718386876282,0.55618591934381412
2008,1610612741,Chicago Bulls,6861,2987,474,6448,0.93980469319341209,0.46990234659670604
2016,1610612765,Detroit Pistons,7083,3111,740,6962,0.98291684314555983,0.49145842157277991
2022,1610612739,Cleveland Cavaliers,6940,3255,953,7463,1.0753602305475505,0.53768011527377524
2018,1610612742,Dallas Mavericks,7042,3128,967,7223,1.0257029253053109,0.51285146265265547
2005,1610612746,Los Angeles Clippers,6368,2924,231,6079,0.9546168341708543,0.47730841708542715
2017,1610612750,Minnesota Timberwolves,6921,3235,601,7071,1.0216731686172518,0.51083658430862589
2006,1610612758,Sacramento Kings,6500,2954,494,6402,0.9849230769230769,0.49246153846153845
2015,1610612741,Chicago Bulls,6797,3001,645,6647,0.97793144034132706,0.48896572017066353
2021,1610612739,Cleveland Cavaliers,6175,2778,720,6276,1.0163562753036437,0.50817813765182185
2024,1610612761,Toronto Raptors,7356,3466,942,7874,1.0704187058183796,0.53520935290918981
2014,1610612766,Charlotte Bobcats,6727,2976,516,6468,0.96149843912591049,0.48074921956295524
2019,1610612752,New York Knicks,7241,3134,823,7091,0.97928462919486259,0.48964231459743129
2007,1610612758,Sacramento Kings,6532,2941,530,6412,0.98162890385793022,0.49081445192896511
2013,1610612759,San Antonio Spurs,6674,3210,663,7083,1.0612825891519329,0.53064129457596643
2017,1610612748,Miami Heat,7030,3200,806,7206,1.0250355618776672,0.5125177809388336
2020,1610612740,New Orleans Pelicans,6598,3065,982,7112,1.0779023946650501,0.53895119733252506
2010,1610612762,Utah Jazz,6575,3227,439,6893,1.0483650190114069,0.52418250950570344
2004,1610612737,Atlanta Hawks,6529,2829,419,6077,0.93077040894470819,0.4653852044723541
2020,1610612761,Toronto Raptors,6331,2897,995,6789,1.0723424419522982,0.53617122097614911
2006,1610612746,Los Angeles Clippers,6443,2993,290,6276,0.97408039733043617,0.48704019866521808
2025,1610612750,Minnesota Timberwolves,7182,3364,1233,7961,1.1084656084656084,0.55423280423280419
2017,1610612744,Golden State Warriors,7139,3531,981,8043,1.1266283793248355,0.56331418966241775
2020,1610612744,Golden State Warriors,5730,2510,678,5698,0.99441535776614309,0.49720767888307155
2014,1610612753,Orlando Magic,6782,3021,562,6604,0.97375405485107636,0.48687702742553818
2010,1610612741,Chicago Bulls,6824,3081,352,6514,0.95457209847596713,0.47728604923798357
2013,1610612741,Chicago Bulls,6698,2926,446,6298,0.94028068080023885,0.47014034040011943
2011,1610612755,Philadelphia 76ers,6775,3125,443,6693,0.98789667896678968,0.49394833948339484
2022,1610612745,Houston Rockets,7083,3229,1105,7563,1.0677678949597629,0.53388394747988144
2007,1610612759,San Antonio Spurs,6328,2999,595,6593,1.0418773704171935,0.52093868520859676
2024,1610612744,Golden State Warriors,7515,3582,1211,8375,1.1144377910844976,0.55721889554224879
2014,1610612744,Golden State Warriors,7005,3236,774,7246,1.0344039971448964,0.5172019985724482
2019,1610612759,San Antonio Spurs,7248,3468,812,7748,1.0689845474613686,0.53449227373068431
2008,1610612737,Atlanta Hawks,6552,2975,384,6334,0.96672771672771673,0.48336385836385837
2015,1610612765,Detroit Pistons,7038,3041,703,6785,0.96405228758169936,0.48202614379084968
2017,1610612743,Denver Nuggets,7190,3377,870,7624,1.0603616133518776,0.53018080667593881
2011,1610612746,Los Angeles Clippers,6590,3012,510,6534,0.99150227617602427,0.49575113808801213
2025,1610612753,Orlando Magic,7034,3130,921,7181,1.0208984930338356,0.51044924651691781
2010,1610612749,Milwaukee Bucks,6992,3048,643,6739,0.96381578947368418,0.48190789473684209
2023,1610612741,Chicago Bulls,7116,3488,854,7830,1.1003372681281618,0.5501686340640809
2012,1610612759,San Antonio Spurs,5463,2611,552,5774,1.0569284276038806,0.52846421380194031
2005,1610612749,Milwaukee Bucks,6580,2964,325,6253,0.95030395136778112,0.47515197568389056
2021,1610612737,Atlanta Hawks,6281,2937,895,6769,1.0776946346123228,0.53884731730616142
2013,1610612762,Utah Jazz,6710,3046,507,6599,0.98345752608047687,0.49172876304023844
2017,1610612765,Detroit Pistons,7278,3268,630,7166,0.98461115691123935,0.49230557845561967
2009,1610612749,Milwaukee Bucks,6754,3009,511,6529,0.96668640805448625,0.48334320402724312
2006,1610612740,New Orleans/Oklahoma City Hornets,6428,2831,300,5962,0.92750466708151835,0.46375233354075918
2023,1610612744,Golden State Warriors,7393,3538,1363,8439,1.1414851886920059,0.57074259434600294
2019,1610612755,Philadelphia 76ers,7233,3407,889,7703,1.0649799529932256,0.53248997649661278
